url_path,views_total,views_unique
/alissach/job-scraper-to-airtable,10,4
/alissach/job-scraper-to-airtable/issues,4,2
/alissach/job-scraper-to-airtable/graphs/traffic,4,1
/alissach/job-scraper-to-airtable/pulls,4,1
/alissach/job-scraper-to-airtable/community,3,2
/alissach/job-scraper-to-airtable/network,3,2
/alissach/job-scraper-to-airtable/pulse,3,2
/alissach/job-scraper-to-airtable/actions/metrics/performance,2,1
/alissach/job-scraper-to-airtable/actions/new,2,1
/alissach/job-scraper-to-airtable/commit/869d7e1fc2a84527115ca8905236cc1a2c7fb933,2,1
